マスター,地名,センター,可燃ごみ,不燃ごみ,資源物,特定品目,プラマーク,不燃・ペット,びん・かん,びん,かん・特定,可燃・プラ・不燃・ペット,可燃・プラ・かん・特定,可燃・プラ・びん,ごみ収集日,プラ・不燃・ペット,プラ・かん・特定,プラ・びん
1,相生町(16),北清掃事業所,月 木,隔金20170414,隔金20170407,4週火20170411,水,--,--,--,--,--,--,--,--,--,--,--
1,葵西一～六丁目(15),北清掃事業所,月 木,隔水20170412,隔水20170405,4週火20170404,金,--,--,--,--,--,--,--,--,--,--,--
1,葵東一～三丁目(15),北清掃事業所,月 木,隔水20170412,隔水20170405,4週火20170404,金,--,--,--,--,--,--,--,--,--,--,--
1,浅田町(4),北清掃事業所,火 金,隔水20170405,隔水20170412,4週木20170420,月,--,--,--,--,--,--,--,--,--,--,--
1,旭町(10),北清掃事業所,火 金,隔水20170412,隔月20170403,4週月20170424,木,--,--,--,--,--,--,--,--,--,--,--
1,小豆餅一～四丁目(15),北清掃事業所,月 木,隔水20170412,隔水20170405,4週火20170404,金,--,--,--,--,--,--,--,--,--,--,--
1,池町(10),北清掃事業所,火 金,隔水20170412,隔月20170403,4週月20170424,木,--,--,--,--,--,--,--,--,--,--,--
1,泉一～四丁目(10),北清掃事業所,火 金,隔水20170412,隔月20170403,4週月20170424,木,--,--,--,--,--,--,--,--,--,--,--
1,泉町(10),北清掃事業所,火 金,隔水20170412,隔月20170403,4週月20170424,木,--,--,--,--,--,--,--,--,--,--,--
1,板屋町(12),北清掃事業所,火 金,隔木20170406,隔木20170413,4週月20170417,水,--,--,--,--,--,--,--,--,--,--,--
1,瓜内町(4),北清掃事業所,火 金,隔水20170405,隔水20170412,4週木20170420,月,--,--,--,--,--,--,--,--,--,--,--
1,海老塚一～二丁目(4),北清掃事業所,火 金,隔水20170405,隔水20170412,4週木20170420,月,--,--,--,--,--,--,--,--,--,--,--
1,海老塚町(4),北清掃事業所,火 金,隔水20170405,隔水20170412,4週木20170420,月,--,--,--,--,--,--,--,--,--,--,--
1,尾張町(10),北清掃事業所,火 金,隔水20170412,隔月20170403,4週月20170424,木,--,--,--,--,--,--,--,--,--,--,--
1,鍛冶町(10),北清掃事業所,火 金,隔水20170412,隔月20170403,4週月20170424,木,--,--,--,--,--,--,--,--,--,--,--
1,春日町(4),北清掃事業所,火 金,隔水20170405,隔水20170412,4週木20170420,月,--,--,--,--,--,--,--,--,--,--,--
1,上浅田一～二丁目(4),北清掃事業所,火 金,隔水20170405,隔水20170412,4週木20170420,月,--,--,--,--,--,--,--,--,--,--,--
1,上島一～七丁目(9),北清掃事業所,月 木,隔水20170405,隔火20170411,4週火20170418,金,--,--,--,--,--,--,--,--,--,--,--
1,神田町(4),北清掃事業所,火 金,隔水20170405,隔水20170412,4週木20170420,月,--,--,--,--,--,--,--,--,--,--,--
1,鴨江一～四丁目(4),北清掃事業所,火 金,隔水20170405,隔水20170412,4週木20170420,月,--,--,--,--,--,--,--,--,--,--,--
1,鴨江町(4),北清掃事業所,火 金,隔水20170405,隔水20170412,4週木20170420,月,--,--,--,--,--,--,--,--,--,--,--
1,北田町(10),北清掃事業所,火 金,隔水20170412,隔月20170403,4週月20170424,木,--,--,--,--,--,--,--,--,--,--,--
1,北寺島町(12),北清掃事業所,火 金,隔木20170406,隔木20170413,4週月20170417,水,--,--,--,--,--,--,--,--,--,--,--
1,木戸町(16),北清掃事業所,月 木,隔金20170414,隔金20170407,4週火20170411,水,--,--,--,--,--,--,--,--,--,--,--
1,元目町(10),北清掃事業所,火 金,隔水20170412,隔月20170403,4週月20170424,木,--,--,--,--,--,--,--,--,--,--,--
1,紺屋町(10),北清掃事業所,火 金,隔水20170412,隔月20170403,4週月20170424,木,--,--,--,--,--,--,--,--,--,--,--
1,幸一～五丁目(8),北清掃事業所,火 金,隔木20170406,隔木20170413,4週月20170410,水,--,--,--,--,--,--,--,--,--,--,--
1,栄町(4),北清掃事業所,火 金,隔水20170405,隔水20170412,4週木20170420,月,--,--,--,--,--,--,--,--,--,--,--
1,肴町(10),北清掃事業所,火 金,隔水20170412,隔月20170403,4週月20170424,木,--,--,--,--,--,--,--,--,--,--,--
1,佐藤一～三丁目(16),北清掃事業所,月 木,隔金20170414,隔金20170407,4週火20170411,水,--,--,--,--,--,--,--,--,--,--,--
1,佐鳴台一～六丁目(9),北清掃事業所,月 木,隔水20170405,隔火20170411,4週火20170418,金,--,--,--,--,--,--,--,--,--,--,--
1,塩町(10),北清掃事業所,火 金,隔水20170412,隔月20170403,4週月20170424,木,--,--,--,--,--,--,--,--,--,--,--
1,鹿谷町(1),北清掃事業所,月 木,隔水20170412,隔水20170405,4週金20170428,火,--,--,--,--,--,--,--,--,--,--,--
1,蜆塚一～四丁目(1),北清掃事業所,月 木,隔水20170412,隔水20170405,4週金20170428,火,--,--,--,--,--,--,--,--,--,--,--
1,十軒町(3),北清掃事業所,月 木,隔水20170412,隔金20170407,4週金20170428,火,--,--,--,--,--,--,--,--,--,--,--
1,下池川町(1),北清掃事業所,月 木,隔水20170412,隔水20170405,4週金20170428,火,--,--,--,--,--,--,--,--,--,--,--
1,城北一～三丁目(1),北清掃事業所,月 木,隔水20170412,隔水20170405,4週金20170428,火,--,--,--,--,--,--,--,--,--,--,--
1,新津町(9),北清掃事業所,月 木,隔水20170405,隔火20170411,4週火20170418,金,--,--,--,--,--,--,--,--,--,--,--
1,神明町(10),北清掃事業所,火 金,隔水20170412,隔月20170403,4週月20170424,木,--,--,--,--,--,--,--,--,--,--,--
1,菅原町(10),北清掃事業所,火 金,隔水20170412,隔月20170403,4週月20170424,木,--,--,--,--,--,--,--,--,--,--,--
1,助信町(9),北清掃事業所,月 木,隔水20170405,隔火20170411,4週火20170418,金,--,--,--,--,--,--,--,--,--,--,--
1,砂山町(12),北清掃事業所,火 金,隔木20170406,隔木20170413,4週月20170417,水,--,--,--,--,--,--,--,--,--,--,--
1,住吉一～五丁目(15),北清掃事業所,月 木,隔水20170412,隔水20170405,4週火20170404,金,--,--,--,--,--,--,--,--,--,--,--
1,早出町(3),北清掃事業所,月 木,隔水20170412,隔金20170407,4週金20170428,火,--,--,--,--,--,--,--,--,--,--,--
1,田町(10),北清掃事業所,火 金,隔水20170412,隔月20170403,4週月20170424,木,--,--,--,--,--,--,--,--,--,--,--
1,大工町(10),北清掃事業所,火 金,隔水20170412,隔月20170403,4週月20170424,木,--,--,--,--,--,--,--,--,--,--,--
1,高町(1),北清掃事業所,月 木,隔水20170412,隔水20170405,4週金20170428,火,--,--,--,--,--,--,--,--,--,--,--
1,高丘町(8),北清掃事業所,火 金,隔木20170406,隔木20170413,4週月20170410,水,--,--,--,--,--,--,--,--,--,--,--
1,高丘北一～四丁目(8),北清掃事業所,火 金,隔木20170406,隔木20170413,4週月20170410,水,--,--,--,--,--,--,--,--,--,--,--
1,高丘西一～四丁目(8),北清掃事業所,火 金,隔木20170406,隔木20170413,4週月20170410,水,--,--,--,--,--,--,--,--,--,--,--
1,高丘東一～五丁目(8),北清掃事業所,火 金,隔木20170406,隔木20170413,4週月20170410,水,--,--,--,--,--,--,--,--,--,--,--
1,高林一～五丁目(9),北清掃事業所,月 木,隔水20170405,隔火20170411,4週火20170418,金,--,--,--,--,--,--,--,--,--,--,--
1,千歳町(10),北清掃事業所,火 金,隔水20170412,隔月20170403,4週月20170424,木,--,--,--,--,--,--,--,--,--,--,--
1,中央一～三丁目(12),北清掃事業所,火 金,隔木20170406,隔木20170413,4週月20170417,水,--,--,--,--,--,--,--,--,--,--,--
1,寺島町(12),北清掃事業所,火 金,隔木20170406,隔木20170413,4週月20170417,水,--,--,--,--,--,--,--,--,--,--,--
1,天神町(16),北清掃事業所,月 木,隔金20170414,隔金20170407,4週火20170411,水,--,--,--,--,--,--,--,--,--,--,--
1,伝馬町(10),北清掃事業所,火 金,隔水20170412,隔月20170403,4週月20170424,木,--,--,--,--,--,--,--,--,--,--,--
1,利町(10),北清掃事業所,火 金,隔水20170412,隔月20170403,4週月20170424,木,--,--,--,--,--,--,--,--,--,--,--
1,常盤町(12),北清掃事業所,火 金,隔木20170406,隔木20170413,4週月20170417,水,--,--,--,--,--,--,--,--,--,--,--
1,富塚町(4),北清掃事業所,火 金,隔水20170405,隔水20170412,4週木20170420,月,--,--,--,--,--,--,--,--,--,--,--
1,富吉町(16),北清掃事業所,月 木,隔金20170414,隔金20170407,4週火20170411,水,--,--,--,--,--,--,--,--,--,--,--
1,中沢町(1),北清掃事業所,月 木,隔水20170412,隔水20170405,4週金20170428,火,--,--,--,--,--,--,--,--,--,--,--
1,中島一～四丁目(16),北清掃事業所,月 木,隔金20170414,隔金20170407,4週火20170411,水,--,--,--,--,--,--,--,--,--,--,--
1,中島町(16),北清掃事業所,月 木,隔金20170414,隔金20170407,4週火20170411,水,--,--,--,--,--,--,--,--,--,--,--
1,中山町(4),北清掃事業所,火 金,隔水20170405,隔水20170412,4週木20170420,月,--,--,--,--,--,--,--,--,--,--,--
1,茄子町(9),北清掃事業所,月 木,隔水20170405,隔火20170411,4週火20170418,金,--,--,--,--,--,--,--,--,--,--,--
1,名塚町(16),北清掃事業所,月 木,隔金20170414,隔金20170407,4週火20170411,水,--,--,--,--,--,--,--,--,--,--,--
1,平田町(10),北清掃事業所,火 金,隔水20170412,隔月20170403,4週月20170424,木,--,--,--,--,--,--,--,--,--,--,--
1,成子町(10),北清掃事業所,火 金,隔水20170412,隔月20170403,4週月20170424,木,--,--,--,--,--,--,--,--,--,--,--
1,西浅田一～二丁目(4),北清掃事業所,火 金,隔水20170405,隔水20170412,4週木20170420,月,--,--,--,--,--,--,--,--,--,--,--
1,西伊場町(4),北清掃事業所,火 金,隔水20170405,隔水20170412,4週木20170420,月,--,--,--,--,--,--,--,--,--,--,--
1,西丘町(8),北清掃事業所,火 金,隔木20170406,隔木20170413,4週月20170410,水,--,--,--,--,--,--,--,--,--,--,--
1,布橋一～三丁目(1),北清掃事業所,月 木,隔水20170412,隔水20170405,4週金20170428,火,--,--,--,--,--,--,--,--,--,--,--
1,野口町(12),北清掃事業所,火 金,隔木20170406,隔木20170413,4週月20170417,水,--,--,--,--,--,--,--,--,--,--,--
1,法枝町(4),北清掃事業所,火 金,隔水20170405,隔水20170412,4週木20170420,月,--,--,--,--,--,--,--,--,--,--,--
1,萩丘一～五丁目(15),北清掃事業所,月 木,隔水20170412,隔水20170405,4週火20170404,金,--,--,--,--,--,--,--,--,--,--,--
1,旅篭町(10),北清掃事業所,火 金,隔水20170412,隔月20170403,4週月20170424,木,--,--,--,--,--,--,--,--,--,--,--
1,八幡町(12),北清掃事業所,火 金,隔木20170406,隔木20170413,4週月20170417,水,--,--,--,--,--,--,--,--,--,--,--
1,花川町(8),北清掃事業所,火 金,隔木20170406,隔木20170413,4週月20170410,水,--,--,--,--,--,--,--,--,--,--,--
1,早馬町(12),北清掃事業所,火 金,隔木20170406,隔木20170413,4週月20170417,水,--,--,--,--,--,--,--,--,--,--,--
1,東伊場一～二丁目(10),北清掃事業所,火 金,隔水20170412,隔月20170403,4週月20170424,木,--,--,--,--,--,--,--,--,--,--,--
1,東田町(12),北清掃事業所,火 金,隔木20170406,隔木20170413,4週月20170417,水,--,--,--,--,--,--,--,--,--,--,--
1,曳馬一～六丁目(3),北清掃事業所,月 木,隔水20170412,隔金20170407,4週金20170428,火,--,--,--,--,--,--,--,--,--,--,--
1,曳馬町(3),北清掃事業所,月 木,隔水20170412,隔金20170407,4週金20170428,火,--,--,--,--,--,--,--,--,--,--,--
1,広沢一～三丁目(1),北清掃事業所,月 木,隔水20170412,隔水20170405,4週金20170428,火,--,--,--,--,--,--,--,--,--,--,--
1,船越町(12),北清掃事業所,火 金,隔木20170406,隔木20170413,4週月20170417,水,--,--,--,--,--,--,--,--,--,--,--
1,文丘町(1),北清掃事業所,月 木,隔水20170412,隔水20170405,4週金20170428,火,--,--,--,--,--,--,--,--,--,--,--
1,細島町(3),北清掃事業所,月 木,隔水20170412,隔金20170407,4週金20170428,火,--,--,--,--,--,--,--,--,--,--,--
1,松城町(10),北清掃事業所,火 金,隔水20170412,隔月20170403,4週月20170424,木,--,--,--,--,--,--,--,--,--,--,--
1,三組町(4),北清掃事業所,火 金,隔水20170405,隔水20170412,4週木20170420,月,--,--,--,--,--,--,--,--,--,--,--
1,南浅田一～二丁目(4),北清掃事業所,火 金,隔水20170405,隔水20170412,4週木20170420,月,--,--,--,--,--,--,--,--,--,--,--
1,南伊場町(4),北清掃事業所,火 金,隔水20170405,隔水20170412,4週木20170420,月,--,--,--,--,--,--,--,--,--,--,--
1,向宿一～三丁目(16),北清掃事業所,月 木,隔金20170414,隔金20170407,4週火20170411,水,--,--,--,--,--,--,--,--,--,--,--
1,元魚町(10),北清掃事業所,火 金,隔水20170412,隔月20170403,4週月20170424,木,--,--,--,--,--,--,--,--,--,--,--
1,元城町(10),北清掃事業所,火 金,隔水20170412,隔月20170403,4週月20170424,木,--,--,--,--,--,--,--,--,--,--,--
1,元浜町(1),北清掃事業所,月 木,隔水20170412,隔水20170405,4週金20170428,火,--,--,--,--,--,--,--,--,--,--,--
1,森田町(4),北清掃事業所,火 金,隔水20170405,隔水20170412,4週木20170420,月,--,--,--,--,--,--,--,--,--,--,--
1,山下町(1),北清掃事業所,月 木,隔水20170412,隔水20170405,4週金20170428,火,--,--,--,--,--,--,--,--,--,--,--
1,山手町(1),北清掃事業所,月 木,隔水20170412,隔水20170405,4週金20170428,火,--,--,--,--,--,--,--,--,--,--,--
1,龍禅寺町(12),北清掃事業所,火 金,隔木20170406,隔木20170413,4週月20170417,水,--,--,--,--,--,--,--,--,--,--,--
1,領家一～三丁目(16),北清掃事業所,月 木,隔金20170414,隔金20170407,4週火20170411,水,--,--,--,--,--,--,--,--,--,--,--
1,連尺町(10),北清掃事業所,火 金,隔水20170412,隔月20170403,4週月20170424,木,--,--,--,--,--,--,--,--,--,--,--
1,和合北一～四丁目(10),北清掃事業所,火 金,隔水20170412,隔月20170403,4週月20170424,木,--,--,--,--,--,--,--,--,--,--,--
1,和合町(10),北清掃事業所,火 金,隔水20170412,隔月20170403,4週月20170424,木,--,--,--,--,--,--,--,--,--,--,--
1,和地山一～三丁目(1),北清掃事業所,月 木,隔水20170412,隔水20170405,4週金20170428,火,--,--,--,--,--,--,--,--,--,--,--
2,有玉北町(10),北清掃事業所,火 金,隔水20170412,隔月20170403,4週月20170424,木,--,--,--,--,--,--,--,--,--,--,--
2,有玉台一～四丁目(10),北清掃事業所,火 金,隔水20170412,隔月20170403,4週月20170424,木,--,--,--,--,--,--,--,--,--,--,--
2,有玉西町(10),北清掃事業所,火 金,隔水20170412,隔月20170403,4週月20170424,木,--,--,--,--,--,--,--,--,--,--,--
2,有玉南町(10),北清掃事業所,火 金,隔水20170412,隔月20170403,4週月20170424,木,--,--,--,--,--,--,--,--,--,--,--
2,安新町(5),北清掃事業所,月 木,隔金20170414,隔金20170407,4週火20170404,水,--,--,--,--,--,--,--,--,--,--,--
2,安間町(5),北清掃事業所,月 木,隔金20170414,隔金20170407,4週火20170404,水,--,--,--,--,--,--,--,--,--,--,--
2,市野町(4),北清掃事業所,火 金,隔水20170405,隔水20170412,4週木20170420,月,--,--,--,--,--,--,--,--,--,--,--
2,植松町(9),北清掃事業所,月 木,隔水20170405,隔火20170411,4週火20170418,金,--,--,--,--,--,--,--,--,--,--,--
2,大蒲町(9),北清掃事業所,月 木,隔木20170406,隔木20170413,4週月20170410,水,--,--,--,--,--,--,--,--,--,--,--
2,大島町(8),北清掃事業所,火 金,隔木20170406,隔木20170413,4週月20170410,水,--,--,--,--,--,--,--,--,--,--,--
2,大瀬町(8),北清掃事業所,火 金,隔木20170406,隔木20170413,4週月20170410,水,--,--,--,--,--,--,--,--,--,--,--
2,笠井町(11),北清掃事業所,月 木,隔水20170412,隔水20170405,4週金20170414,火,--,--,--,--,--,--,--,--,--,--,--
2,笠井上町(11),北清掃事業所,月 木,隔水20170412,隔水20170405,4週金20170414,火,--,--,--,--,--,--,--,--,--,--,--
2,笠井新田町(11),北清掃事業所,月 木,隔水20170412,隔水20170405,4週金20170414,火,--,--,--,--,--,--,--,--,--,--,--
2,上新屋町(9),北清掃事業所,月 木,隔水20170405,隔火20170411,4週火20170418,金,--,--,--,--,--,--,--,--,--,--,--
2,上石田町(4),北清掃事業所,火 金,隔水20170405,隔水20170412,4週木20170420,月,--,--,--,--,--,--,--,--,--,--,--
2,上西町(9),北清掃事業所,月 木,隔水20170405,隔火20170411,4週火20170418,金,--,--,--,--,--,--,--,--,--,--,--
2,北島町(5),北清掃事業所,月 木,隔金20170414,隔金20170407,4週火20170404,水,--,--,--,--,--,--,--,--,--,--,--
2,貴平町(11),北清掃事業所,月 木,隔水20170412,隔水20170405,4週金20170414,火,--,--,--,--,--,--,--,--,--,--,--
2,国吉町(11),北清掃事業所,月 木,隔水20170412,隔水20170405,4週金20170414,火,--,--,--,--,--,--,--,--,--,--,--
2,小池町(4),北清掃事業所,火 金,隔水20170405,隔水20170412,4週木20170420,月,--,--,--,--,--,--,--,--,--,--,--
2,神立町(9),北清掃事業所,月 木,隔水20170405,隔火20170411,4週火20170418,金,--,--,--,--,--,--,--,--,--,--,--
2,子安町(9),北清掃事業所,月 木,隔水20170405,隔火20170411,4週火20170418,金,--,--,--,--,--,--,--,--,--,--,--
2,材木町(5),北清掃事業所,月 木,隔金20170414,隔金20170407,4週火20170404,水,--,--,--,--,--,--,--,--,--,--,--
2,篠ケ瀬町(5),北清掃事業所,月 木,隔金20170414,隔金20170407,4週火20170404,水,--,--,--,--,--,--,--,--,--,--,--
2,下石田町(4),北清掃事業所,火 金,隔水20170405,隔水20170412,4週木20170420,月,--,--,--,--,--,--,--,--,--,--,--
2,将監町(9),北清掃事業所,月 木,隔水20170405,隔火20170411,4週火20170418,金,--,--,--,--,--,--,--,--,--,--,--
2,常光町(11),北清掃事業所,月 木,隔水20170412,隔水20170405,4週金20170414,火,--,--,--,--,--,--,--,--,--,--,--
2,白鳥町(11),北清掃事業所,月 木,隔水20170412,隔水20170405,4週金20170414,火,--,--,--,--,--,--,--,--,--,--,--
2,積志町(8),北清掃事業所,火 金,隔木20170406,隔木20170413,4週月20170410,水,--,--,--,--,--,--,--,--,--,--,--
2,恒武町(11),北清掃事業所,月 木,隔水20170412,隔水20170405,4週金20170414,火,--,--,--,--,--,--,--,--,--,--,--
2,天王町(4),北清掃事業所,火 金,隔水20170405,隔水20170412,4週木20170420,月,--,--,--,--,--,--,--,--,--,--,--
2,天龍川町(5),北清掃事業所,月 木,隔金20170414,隔金20170407,4週火20170404,水,--,--,--,--,--,--,--,--,--,--,--
2,豊西町(11),北清掃事業所,月 木,隔水20170412,隔水20170405,4週金20170414,火,--,--,--,--,--,--,--,--,--,--,--
2,中郡町(8),北清掃事業所,火 金,隔木20170406,隔木20170413,4週月20170410,水,--,--,--,--,--,--,--,--,--,--,--
2,中里町(11),北清掃事業所,月 木,隔水20170412,隔水20170405,4週金20170414,火,--,--,--,--,--,--,--,--,--,--,--
2,中田町(4),北清掃事業所,火 金,隔水20170405,隔水20170412,4週木20170420,月,--,--,--,--,--,--,--,--,--,--,--
2,長鶴町(5),北清掃事業所,月 木,隔金20170414,隔金20170407,4週火20170404,水,--,--,--,--,--,--,--,--,--,--,--
2,中野町(11),北清掃事業所,月 木,隔水20170412,隔水20170405,4週金20170414,火,--,--,--,--,--,--,--,--,--,--,--
2,西ケ崎町(8),北清掃事業所,火 金,隔木20170406,隔木20170413,4週月20170410,水,--,--,--,--,--,--,--,--,--,--,--
2,西塚町(9),北清掃事業所,月 木,隔水20170405,隔火20170411,4週火20170418,金,--,--,--,--,--,--,--,--,--,--,--
2,原島町(4),北清掃事業所,火 金,隔水20170405,隔水20170412,4週木20170420,月,--,--,--,--,--,--,--,--,--,--,--
2,半田町(10),北清掃事業所,火 金,隔水20170412,隔月20170403,4週月20170424,木,--,--,--,--,--,--,--,--,--,--,--
2,半田山一～六丁目(10),北清掃事業所,火 金,隔水20170412,隔月20170403,4週月20170424,木,--,--,--,--,--,--,--,--,--,--,--
2,松小池町(11),北清掃事業所,月 木,隔水20170412,隔水20170405,4週金20170414,火,--,--,--,--,--,--,--,--,--,--,--
2,丸塚町(9),北清掃事業所,月 木,隔水20170405,隔火20170411,4週火20170418,金,--,--,--,--,--,--,--,--,--,--,--
2,宮竹町(9),北清掃事業所,月 木,隔水20170405,隔火20170411,4週火20170418,金,--,--,--,--,--,--,--,--,--,--,--
2,薬師町(5),北清掃事業所,月 木,隔金20170414,隔金20170407,4週火20170404,水,--,--,--,--,--,--,--,--,--,--,--
2,薬新町(5),北清掃事業所,月 木,隔金20170414,隔金20170407,4週火20170404,水,--,--,--,--,--,--,--,--,--,--,--
2,豊町(11),北清掃事業所,月 木,隔水20170412,隔水20170405,4週金20170414,火,--,--,--,--,--,--,--,--,--,--,--
2,龍光町(5),北清掃事業所,月 木,隔金20170414,隔金20170407,4週火20170404,水,--,--,--,--,--,--,--,--,--,--,--
2,流通元町(4),北清掃事業所,火 金,隔水20170405,隔水20170412,4週木20170420,月,--,--,--,--,--,--,--,--,--,--,--
2,和田町(5),北清掃事業所,月 木,隔金20170414,隔金20170407,4週火20170404,水,--,--,--,--,--,--,--,--,--,--,--
3,伊左地町(15),平和清掃事業所,月 木,隔水20170412,隔水20170405,4週火20170404,金,--,--,--,--,--,--,--,--,--,--,--
3,入野町(2),平和清掃事業所,火 金,隔水20170405,隔水20170412,4週木20170406,月,--,--,--,--,--,--,--,--,--,--,--
3,大久保町(13),平和清掃事業所,月 木,隔水20170412,隔火20170404,4週火20170411,金,--,--,--,--,--,--,--,--,--,--,--
3,大人見町(15),平和清掃事業所,月 木,隔水20170412,隔水20170405,4週火20170404,金,--,--,--,--,--,--,--,--,--,--,--
3,大平台一～四丁目(2),平和清掃事業所,火 金,隔水20170405,隔水20170412,4週木20170406,月,--,--,--,--,--,--,--,--,--,--,--
3,大山町(9),平和清掃事業所,月 木,隔水20170405,隔火20170411,4週火20170418,金,--,--,--,--,--,--,--,--,--,--,--
3,神ケ谷町(13),平和清掃事業所,月 木,隔水20170412,隔火20170404,4週火20170411,金,--,--,--,--,--,--,--,--,--,--,--
3,神原町(13),平和清掃事業所,月 木,隔水20170412,隔火20170404,4週火20170411,金,--,--,--,--,--,--,--,--,--,--,--
3,舘山寺町(7),平和清掃事業所,月 木,隔金20170407,隔金20170414,4週水20170419,火,--,--,--,--,--,--,--,--,--,--,--
3,協和町(7),平和清掃事業所,月 木,隔金20170407,隔金20170414,4週水20170419,火,--,--,--,--,--,--,--,--,--,--,--
3,呉松町(7),平和清掃事業所,月 木,隔金20170407,隔金20170414,4週水20170419,火,--,--,--,--,--,--,--,--,--,--,--
3,湖東町(9),平和清掃事業所,月 木,隔水20170405,隔火20170411,4週火20170418,金,--,--,--,--,--,--,--,--,--,--,--
3,古人見町(15),平和清掃事業所,月 木,隔水20170412,隔水20170405,4週火20170404,金,--,--,--,--,--,--,--,--,--,--,--
3,桜台一～六丁目(9),平和清掃事業所,月 木,隔水20170405,隔火20170411,4週火20170418,金,--,--,--,--,--,--,--,--,--,--,--
3,佐浜町(15),平和清掃事業所,月 木,隔水20170412,隔水20170405,4週火20170404,金,--,--,--,--,--,--,--,--,--,--,--
3,志都呂町(2),平和清掃事業所,火 金,隔水20170405,隔水20170412,4週木20170406,月,--,--,--,--,--,--,--,--,--,--,--
3,志都呂一～二丁目(2),平和清掃事業所,火 金,隔水20170405,隔水20170412,4週木20170406,月,--,--,--,--,--,--,--,--,--,--,--
3,篠原町(8),平和清掃事業所,火 金,隔木20170406,隔木20170413,4週月20170410,水,--,--,--,--,--,--,--,--,--,--,--
3,庄内町(7),平和清掃事業所,月 木,隔金20170407,隔金20170414,4週水20170419,火,--,--,--,--,--,--,--,--,--,--,--
3,庄和町(7),平和清掃事業所,月 木,隔金20170407,隔金20170414,4週水20170419,火,--,--,--,--,--,--,--,--,--,--,--
3,白洲町(7),平和清掃事業所,月 木,隔金20170407,隔金20170414,4週水20170419,火,--,--,--,--,--,--,--,--,--,--,--
3,西都台町(2),平和清掃事業所,火 金,隔水20170405,隔水20170412,4週木20170406,月,--,--,--,--,--,--,--,--,--,--,--
3,坪井町(8),平和清掃事業所,火 金,隔木20170406,隔木20170413,4週月20170410,水,--,--,--,--,--,--,--,--,--,--,--
3,西鴨江町(2),平和清掃事業所,火 金,隔水20170405,隔水20170412,4週木20170406,月,--,--,--,--,--,--,--,--,--,--,--
3,西山町(13),平和清掃事業所,月 木,隔水20170412,隔火20170404,4週火20170411,金,--,--,--,--,--,--,--,--,--,--,--
3,平松町(7),平和清掃事業所,月 木,隔金20170407,隔金20170414,4週水20170419,火,--,--,--,--,--,--,--,--,--,--,--
3,深萩町(7),平和清掃事業所,月 木,隔金20170407,隔金20170414,4週水20170419,火,--,--,--,--,--,--,--,--,--,--,--
3,舞阪町浜田(14),平和清掃事業所,火 金,隔水20170412,隔月20170410,4週水20170405,木,--,--,--,--,--,--,--,--,--,--,--
3,舞阪町弁天島(14),平和清掃事業所,火 金,隔水20170412,隔月20170410,4週水20170405,木,--,--,--,--,--,--,--,--,--,--,--
3,舞阪町長十新田(14),平和清掃事業所,火 金,隔水20170412,隔月20170410,4週水20170405,木,--,--,--,--,--,--,--,--,--,--,--
3,舞阪町舞阪(14),平和清掃事業所,火 金,隔水20170412,隔月20170410,4週水20170405,木,--,--,--,--,--,--,--,--,--,--,--
3,馬郡町(8),平和清掃事業所,火 金,隔木20170406,隔木20170413,4週月20170410,水,--,--,--,--,--,--,--,--,--,--,--
3,村櫛町(7),平和清掃事業所,月 木,隔金20170407,隔金20170414,4週水20170419,火,--,--,--,--,--,--,--,--,--,--,--
3,雄踏一～二丁目(10),平和清掃事業所,火 金,隔水20170412,隔月20170403,4週月20170424,木,--,--,--,--,--,--,--,--,--,--,--
3,雄踏町宇布見(10),平和清掃事業所,火 金,隔水20170412,隔月20170403,4週月20170424,木,--,--,--,--,--,--,--,--,--,--,--
3,雄踏町山崎(10),平和清掃事業所,火 金,隔水20170412,隔月20170403,4週月20170424,木,--,--,--,--,--,--,--,--,--,--,--
3,和光町(9),平和清掃事業所,月 木,隔水20170405,隔火20170411,4週火20170418,金,--,--,--,--,--,--,--,--,--,--,--
3,和地町(9),平和清掃事業所,月 木,隔水20170405,隔火20170411,4週火20170418,金,--,--,--,--,--,--,--,--,--,--,--
4,青屋町(8),南清掃事業所,火 金,隔木20170406,隔木20170413,4週月20170410,水,--,--,--,--,--,--,--,--,--,--,--
4,飯田町(8),南清掃事業所,火 金,隔木20170406,隔木20170413,4週月20170410,水,--,--,--,--,--,--,--,--,--,--,--
4,石原町(2),南清掃事業所,火 金,隔水20170405,隔水20170412,4週木20170406,月,--,--,--,--,--,--,--,--,--,--,--
4,瓜内町(11),南清掃事業所,月 木,隔水20170412,隔水20170405,4週金20170414,火,--,--,--,--,--,--,--,--,--,--,--
4,江之島町(10),南清掃事業所,火 金,隔水20170412,隔月20170403,4週月20170424,木,--,--,--,--,--,--,--,--,--,--,--
4,遠州浜一～四丁目(10),南清掃事業所,火 金,隔水20170412,隔月20170403,4週月20170424,木,--,--,--,--,--,--,--,--,--,--,--
4,老間町(2),南清掃事業所,火 金,隔水20170405,隔水20170412,4週木20170406,月,--,--,--,--,--,--,--,--,--,--,--
4,大塚町(8),南清掃事業所,火 金,隔木20170406,隔木20170413,4週月20170410,水,--,--,--,--,--,--,--,--,--,--,--
4,大柳町(2),南清掃事業所,火 金,隔水20170405,隔水20170412,4週木20170406,月,--,--,--,--,--,--,--,--,--,--,--
4,卸本町(5),南清掃事業所,月 木,隔金20170414,隔金20170407,4週火20170404,水,--,--,--,--,--,--,--,--,--,--,--
4,恩地町(2),南清掃事業所,火 金,隔水20170405,隔水20170412,4週木20170406,月,--,--,--,--,--,--,--,--,--,--,--
4,金折町(2),南清掃事業所,火 金,隔水20170405,隔水20170412,4週木20170406,月,--,--,--,--,--,--,--,--,--,--,--
4,河輪町(10),南清掃事業所,火 金,隔水20170412,隔月20170403,4週月20170424,木,--,--,--,--,--,--,--,--,--,--,--
4,倉松町(5),南清掃事業所,月 木,隔金20170414,隔金20170407,4週火20170404,水,--,--,--,--,--,--,--,--,--,--,--
4,御給町(2),南清掃事業所,火 金,隔水20170405,隔水20170412,4週木20170406,月,--,--,--,--,--,--,--,--,--,--,--
4,小沢渡町(5),南清掃事業所,月 木,隔金20170414,隔金20170407,4週火20170404,水,--,--,--,--,--,--,--,--,--,--,--
4,参野町(2),南清掃事業所,火 金,隔水20170405,隔水20170412,4週木20170406,月,--,--,--,--,--,--,--,--,--,--,--
4,三新町(10),南清掃事業所,火 金,隔水20170412,隔月20170403,4週月20170424,木,--,--,--,--,--,--,--,--,--,--,--
4,三和町(8),南清掃事業所,火 金,隔木20170406,隔木20170413,4週月20170410,水,--,--,--,--,--,--,--,--,--,--,--
4,四本松町(2),南清掃事業所,火 金,隔水20170405,隔水20170412,4週木20170406,月,--,--,--,--,--,--,--,--,--,--,--
4,下飯田町(8),南清掃事業所,火 金,隔木20170406,隔木20170413,4週月20170410,水,--,--,--,--,--,--,--,--,--,--,--
4,下江町(2),南清掃事業所,火 金,隔水20170405,隔水20170412,4週木20170406,月,--,--,--,--,--,--,--,--,--,--,--
4,白羽町(11),南清掃事業所,月 木,隔水20170412,隔水20170405,4週金20170414,火,--,--,--,--,--,--,--,--,--,--,--
4,新貝町(8),南清掃事業所,火 金,隔木20170406,隔木20170413,4週月20170410,水,--,--,--,--,--,--,--,--,--,--,--
4,頭陀寺町(2),南清掃事業所,火 金,隔水20170405,隔水20170412,4週木20170406,月,--,--,--,--,--,--,--,--,--,--,--
4,西伝寺町(2),南清掃事業所,火 金,隔水20170405,隔水20170412,4週木20170406,月,--,--,--,--,--,--,--,--,--,--,--
4,増楽町(9),南清掃事業所,月 木,隔水20170405,隔火20170411,4週火20170418,金,--,--,--,--,--,--,--,--,--,--,--
4,高塚町(9),南清掃事業所,月 木,隔水20170405,隔火20170411,4週火20170418,金,--,--,--,--,--,--,--,--,--,--,--
4,田尻町(5),南清掃事業所,月 木,隔金20170414,隔金20170407,4週火20170404,水,--,--,--,--,--,--,--,--,--,--,--
4,立野町(2),南清掃事業所,火 金,隔水20170405,隔水20170412,4週木20170406,月,--,--,--,--,--,--,--,--,--,--,--
4,堤町(5),南清掃事業所,月 木,隔金20170414,隔金20170407,4週火20170404,水,--,--,--,--,--,--,--,--,--,--,--
4,都盛町(2),南清掃事業所,火 金,隔水20170405,隔水20170412,4週木20170406,月,--,--,--,--,--,--,--,--,--,--,--
4,鶴見町(8),南清掃事業所,火 金,隔木20170406,隔木20170413,4週月20170410,水,--,--,--,--,--,--,--,--,--,--,--
4,寺脇町(11),南清掃事業所,月 木,隔水20170412,隔水20170405,4週金20170414,火,--,--,--,--,--,--,--,--,--,--,--
4,富屋町(10),南清掃事業所,火 金,隔水20170412,隔月20170403,4週月20170424,木,--,--,--,--,--,--,--,--,--,--,--
4,長田町(10),南清掃事業所,火 金,隔水20170412,隔月20170403,4週月20170424,木,--,--,--,--,--,--,--,--,--,--,--
4,中田島町(11),南清掃事業所,月 木,隔水20170412,隔水20170405,4週金20170414,火,--,--,--,--,--,--,--,--,--,--,--
4,西町(10),南清掃事業所,火 金,隔水20170412,隔月20170403,4週月20170424,木,--,--,--,--,--,--,--,--,--,--,--
4,西島町(10),南清掃事業所,火 金,隔水20170412,隔月20170403,4週月20170424,木,--,--,--,--,--,--,--,--,--,--,--
4,新橋町(5),南清掃事業所,月 木,隔金20170414,隔金20170407,4週火20170404,水,--,--,--,--,--,--,--,--,--,--,--
4,鼡野町(2),南清掃事業所,火 金,隔水20170405,隔水20170412,4週木20170406,月,--,--,--,--,--,--,--,--,--,--,--
4,法枝町(5),南清掃事業所,月 木,隔金20170414,隔金20170407,4週火20170404,水,--,--,--,--,--,--,--,--,--,--,--
4,東町(10),南清掃事業所,火 金,隔水20170412,隔月20170403,4週月20170424,木,--,--,--,--,--,--,--,--,--,--,--
4,東若林町(9),南清掃事業所,月 木,隔水20170405,隔火20170411,4週火20170418,金,--,--,--,--,--,--,--,--,--,--,--
4,福島町(10),南清掃事業所,火 金,隔水20170412,隔月20170403,4週月20170424,木,--,--,--,--,--,--,--,--,--,--,--
4,福塚町(11),南清掃事業所,月 木,隔水20170412,隔水20170405,4週金20170414,火,--,--,--,--,--,--,--,--,--,--,--
4,古川町(2),南清掃事業所,火 金,隔水20170405,隔水20170412,4週木20170406,月,--,--,--,--,--,--,--,--,--,--,--
4,芳川町(2),南清掃事業所,火 金,隔水20170405,隔水20170412,4週木20170406,月,--,--,--,--,--,--,--,--,--,--,--
4,本郷町(2),南清掃事業所,火 金,隔水20170405,隔水20170412,4週木20170406,月,--,--,--,--,--,--,--,--,--,--,--
4,松島町(10),南清掃事業所,火 金,隔水20170412,隔月20170403,4週月20170424,木,--,--,--,--,--,--,--,--,--,--,--
4,三島町(11),南清掃事業所,月 木,隔水20170412,隔水20170405,4週金20170414,火,--,--,--,--,--,--,--,--,--,--,--
4,安松町(2),南清掃事業所,火 金,隔水20170405,隔水20170412,4週木20170406,月,--,--,--,--,--,--,--,--,--,--,--
4,楊子町(11),南清掃事業所,月 木,隔水20170412,隔水20170405,4週金20170414,火,--,--,--,--,--,--,--,--,--,--,--
4,米津町(5),南清掃事業所,月 木,隔金20170414,隔金20170407,4週火20170404,水,--,--,--,--,--,--,--,--,--,--,--
4,若林町(9),南清掃事業所,月 木,隔水20170405,隔火20170411,4週火20170418,金,--,--,--,--,--,--,--,--,--,--,--
4,渡瀬町(8),南清掃事業所,火 金,隔木20170406,隔木20170413,4週月20170410,水,--,--,--,--,--,--,--,--,--,--,--
5,引佐町井伊谷(15),平和清掃事業所,月 木,隔水20170412,隔水20170405,4週火20170404,金,--,--,--,--,--,--,--,--,--,--,--
5,引佐町伊平(10),平和清掃事業所,火 金,隔水20170412,隔月20170403,4週月20170424,木,--,--,--,--,--,--,--,--,--,--,--
5,引佐町奥山(15),平和清掃事業所,月 木,隔水20170412,隔水20170405,4週火20170404,金,--,--,--,--,--,--,--,--,--,--,--
5,引佐町金指(10),平和清掃事業所,火 金,隔水20170412,隔月20170403,4週月20170424,木,--,--,--,--,--,--,--,--,--,--,--
5,引佐町狩宿(15),平和清掃事業所,月 木,隔水20170412,隔水20170405,4週火20170404,金,--,--,--,--,--,--,--,--,--,--,--
5,引佐町川名(10),平和清掃事業所,火 金,隔水20170412,隔月20170403,4週月20170424,木,--,--,--,--,--,--,--,--,--,--,--
5,引佐町黒渕(15),平和清掃事業所,月 木,隔水20170412,隔水20170405,4週火20170404,金,--,--,--,--,--,--,--,--,--,--,--
5,引佐町渋川(10),平和清掃事業所,火 金,隔水20170412,隔月20170403,4週月20170424,木,--,--,--,--,--,--,--,--,--,--,--
5,引佐町四方浄(10),平和清掃事業所,火 金,隔水20170412,隔月20170403,4週月20170424,木,--,--,--,--,--,--,--,--,--,--,--
5,引佐町白岩(15),平和清掃事業所,月 木,隔水20170412,隔水20170405,4週火20170404,金,--,--,--,--,--,--,--,--,--,--,--
5,引佐町田沢(10),平和清掃事業所,火 金,隔水20170412,隔月20170403,4週月20170424,木,--,--,--,--,--,--,--,--,--,--,--
5,引佐町田畑(15),平和清掃事業所,月 木,隔水20170412,隔水20170405,4週火20170404,金,--,--,--,--,--,--,--,--,--,--,--
5,引佐町栃窪(15),平和清掃事業所,月 木,隔水20170412,隔水20170405,4週火20170404,金,--,--,--,--,--,--,--,--,--,--,--
5,引佐町兎荷(10),平和清掃事業所,火 金,隔水20170412,隔月20170403,4週月20170424,木,--,--,--,--,--,--,--,--,--,--,--
5,引佐町西久留女木(10),平和清掃事業所,火 金,隔水20170412,隔月20170403,4週月20170424,木,--,--,--,--,--,--,--,--,--,--,--
5,引佐町西黒田(10),平和清掃事業所,火 金,隔水20170412,隔月20170403,4週月20170424,木,--,--,--,--,--,--,--,--,--,--,--
5,引佐町花平(10),平和清掃事業所,火 金,隔水20170412,隔月20170403,4週月20170424,木,--,--,--,--,--,--,--,--,--,--,--
5,引佐町東久留女木(10),平和清掃事業所,火 金,隔水20170412,隔月20170403,4週月20170424,木,--,--,--,--,--,--,--,--,--,--,--
5,引佐町東黒田(10),平和清掃事業所,火 金,隔水20170412,隔月20170403,4週月20170424,木,--,--,--,--,--,--,--,--,--,--,--
5,引佐町別所(10),平和清掃事業所,火 金,隔水20170412,隔月20170403,4週月20170424,木,--,--,--,--,--,--,--,--,--,--,--
5,引佐町的場(10),平和清掃事業所,火 金,隔水20170412,隔月20170403,4週月20170424,木,--,--,--,--,--,--,--,--,--,--,--
5,引佐町三岳(10),平和清掃事業所,火 金,隔水20170412,隔月20170403,4週月20170424,木,--,--,--,--,--,--,--,--,--,--,--
5,引佐町谷沢(15),平和清掃事業所,月 木,隔水20170412,隔水20170405,4週火20170404,金,--,--,--,--,--,--,--,--,--,--,--
5,引佐町横尾(15),平和清掃事業所,月 木,隔水20170412,隔水20170405,4週火20170404,金,--,--,--,--,--,--,--,--,--,--,--
5,大原町(1),平和清掃事業所,月 木,隔水20170412,隔水20170405,4週金20170428,火,--,--,--,--,--,--,--,--,--,--,--
5,新都田一～五丁目(12),平和清掃事業所,火 金,隔木20170406,隔木20170413,4週月20170417,水,--,--,--,--,--,--,--,--,--,--,--
5,神宮寺町(15),平和清掃事業所,月 木,隔水20170412,隔水20170405,4週火20170404,金,--,--,--,--,--,--,--,--,--,--,--
5,滝沢町(12),平和清掃事業所,火 金,隔木20170406,隔木20170413,4週月20170417,水,--,--,--,--,--,--,--,--,--,--,--
5,豊岡町(1),平和清掃事業所,月 木,隔水20170412,隔水20170405,4週金20170428,火,--,--,--,--,--,--,--,--,--,--,--
5,根洗町(1),平和清掃事業所,月 木,隔水20170412,隔水20170405,4週金20170428,火,--,--,--,--,--,--,--,--,--,--,--
5,初生町(12),平和清掃事業所,火 金,隔木20170406,隔木20170413,4週月20170417,水,--,--,--,--,--,--,--,--,--,--,--
5,東三方町(1),平和清掃事業所,月 木,隔水20170412,隔水20170405,4週金20170428,火,--,--,--,--,--,--,--,--,--,--,--
5,細江町小野(4),平和清掃事業所,火 金,隔水20170405,隔水20170412,4週木20170420,月,--,--,--,--,--,--,--,--,--,--,--
5,細江町気賀(4),平和清掃事業所,火 金,隔水20170405,隔水20170412,4週木20170420,月,--,--,--,--,--,--,--,--,--,--,--
5,細江町中川(16),平和清掃事業所,月 木,隔金20170414,隔金20170407,4週火20170411,水,--,--,--,--,--,--,--,--,--,--,--
5,細江町広岡(16),平和清掃事業所,月 木,隔金20170414,隔金20170407,4週火20170411,水,--,--,--,--,--,--,--,--,--,--,--
5,細江町三和(16),平和清掃事業所,月 木,隔金20170414,隔金20170407,4週火20170411,水,--,--,--,--,--,--,--,--,--,--,--
5,三方原町(1),平和清掃事業所,月 木,隔水20170412,隔水20170405,4週金20170428,火,--,--,--,--,--,--,--,--,--,--,--
5,三ヶ日町宇志(4),平和清掃事業所,火 金,隔水20170405,隔水20170412,4週木20170420,月,--,--,--,--,--,--,--,--,--,--,--
5,三ヶ日町大崎(16),平和清掃事業所,月 木,隔金20170414,隔金20170407,4週火20170411,水,--,--,--,--,--,--,--,--,--,--,--
5,三ヶ日町大谷(16),平和清掃事業所,月 木,隔金20170414,隔金20170407,4週火20170411,水,--,--,--,--,--,--,--,--,--,--,--
5,三ヶ日町岡本(4),平和清掃事業所,火 金,隔水20170405,隔水20170412,4週木20170420,月,--,--,--,--,--,--,--,--,--,--,--
5,三ヶ日町上尾奈(4),平和清掃事業所,火 金,隔水20170405,隔水20170412,4週木20170420,月,--,--,--,--,--,--,--,--,--,--,--
5,三ヶ日町駒場(16),平和清掃事業所,月 木,隔金20170414,隔金20170407,4週火20170411,水,--,--,--,--,--,--,--,--,--,--,--
5,三ヶ日町佐久米(16),平和清掃事業所,月 木,隔金20170414,隔金20170407,4週火20170411,水,--,--,--,--,--,--,--,--,--,--,--
5,三ヶ日町下尾奈(4),平和清掃事業所,火 金,隔水20170405,隔水20170412,4週木20170420,月,--,--,--,--,--,--,--,--,--,--,--
5,三ヶ日町只木(16),平和清掃事業所,月 木,隔金20170414,隔金20170407,4週火20170411,水,--,--,--,--,--,--,--,--,--,--,--
5,三ヶ日町都筑(16),平和清掃事業所,月 木,隔金20170414,隔金20170407,4週火20170411,水,--,--,--,--,--,--,--,--,--,--,--
5,三ヶ日町津々崎(16),平和清掃事業所,月 木,隔金20170414,隔金20170407,4週火20170411,水,--,--,--,--,--,--,--,--,--,--,--
5,三ヶ日町釣(4),平和清掃事業所,火 金,隔水20170405,隔水20170412,4週木20170420,月,--,--,--,--,--,--,--,--,--,--,--
5,三ヶ日町鵺代(4),平和清掃事業所,火 金,隔水20170405,隔水20170412,4週木20170420,月,--,--,--,--,--,--,--,--,--,--,--
5,三ヶ日町日比沢(4),平和清掃事業所,火 金,隔水20170405,隔水20170412,4週木20170420,月,--,--,--,--,--,--,--,--,--,--,--
5,三ヶ日町平山(16),平和清掃事業所,月 木,隔金20170414,隔金20170407,4週火20170411,水,--,--,--,--,--,--,--,--,--,--,--
5,三ヶ日町福長(16),平和清掃事業所,月 木,隔金20170414,隔金20170407,4週火20170411,水,--,--,--,--,--,--,--,--,--,--,--
5,三ヶ日町本坂(4),平和清掃事業所,火 金,隔水20170405,隔水20170412,4週木20170420,月,--,--,--,--,--,--,--,--,--,--,--
5,三ヶ日町摩訶耶(16),平和清掃事業所,月 木,隔金20170414,隔金20170407,4週火20170411,水,--,--,--,--,--,--,--,--,--,--,--
5,三ヶ日町三ケ日(4),平和清掃事業所,火 金,隔水20170405,隔水20170412,4週木20170420,月,--,--,--,--,--,--,--,--,--,--,--
5,都田町(12),平和清掃事業所,火 金,隔木20170406,隔木20170413,4週月20170417,水,--,--,--,--,--,--,--,--,--,--,--
5,三幸町(1),平和清掃事業所,月 木,隔水20170412,隔水20170405,4週金20170428,火,--,--,--,--,--,--,--,--,--,--,--
5,鷲沢町(12),平和清掃事業所,火 金,隔木20170406,隔木20170413,4週月20170417,水,--,--,--,--,--,--,--,--,--,--,--
6,油一色(8),浜北環境事業所,火 金,隔木20170406,隔木20170413,4週月20170410,水,--,--,--,--,--,--,--,--,--,--,--
6,内野(5),浜北環境事業所,月 木,隔金20170414,隔金20170407,4週火20170404,水,--,--,--,--,--,--,--,--,--,--,--
6,内野台一～四丁目(5),浜北環境事業所,月 木,隔金20170414,隔金20170407,4週火20170404,水,--,--,--,--,--,--,--,--,--,--,--
6,大平(9),浜北環境事業所,月 木,隔水20170405,隔火20170411,4週火20170418,金,--,--,--,--,--,--,--,--,--,--,--
6,尾野(1),浜北環境事業所,月 木,隔水20170412,隔水20170405,4週金20170428,火,--,--,--,--,--,--,--,--,--,--,--
6,於呂(1),浜北環境事業所,月 木,隔水20170412,隔水20170405,4週金20170428,火,--,--,--,--,--,--,--,--,--,--,--
6,上島(2),浜北環境事業所,火 金,隔水20170405,隔水20170412,4週木20170406,月,--,--,--,--,--,--,--,--,--,--,--
6,上善地(8),浜北環境事業所,火 金,隔木20170406,隔木20170413,4週月20170410,水,--,--,--,--,--,--,--,--,--,--,--
6,貴布祢(6),浜北環境事業所,火 金,隔木20170413,隔木20170406,4週水20170412,月,--,--,--,--,--,--,--,--,--,--,--
6,小林(6),浜北環境事業所,火 金,隔木20170413,隔木20170406,4週水20170412,月,--,--,--,--,--,--,--,--,--,--,--
6,小松(5),浜北環境事業所,月 木,隔金20170414,隔金20170407,4週火20170404,水,--,--,--,--,--,--,--,--,--,--,--
6,三大地(9),浜北環境事業所,月 木,隔水20170405,隔火20170411,4週火20170418,金,--,--,--,--,--,--,--,--,--,--,--
6,新原(9),浜北環境事業所,月 木,隔水20170405,隔火20170411,4週火20170418,金,--,--,--,--,--,--,--,--,--,--,--
6,善地(8),浜北環境事業所,火 金,隔木20170406,隔木20170413,4週月20170410,水,--,--,--,--,--,--,--,--,--,--,--
6,染地台一～六丁目(5),浜北環境事業所,月 木,隔金20170414,隔金20170407,4週火20170404,水,--,--,--,--,--,--,--,--,--,--,--
6,高薗(8),浜北環境事業所,火 金,隔木20170406,隔木20170413,4週月20170410,水,--,--,--,--,--,--,--,--,--,--,--
6,高畑(10),浜北環境事業所,火 金,隔水20170412,隔月20170403,4週月20170424,木,--,--,--,--,--,--,--,--,--,--,--
6,寺島(10),浜北環境事業所,火 金,隔水20170412,隔月20170403,4週月20170424,木,--,--,--,--,--,--,--,--,--,--,--
6,道本(6),浜北環境事業所,火 金,隔木20170413,隔木20170406,4週水20170412,月,--,--,--,--,--,--,--,--,--,--,--
6,豊保(2),浜北環境事業所,火 金,隔水20170405,隔水20170412,4週木20170406,月,--,--,--,--,--,--,--,--,--,--,--
6,永島(8),浜北環境事業所,火 金,隔木20170406,隔木20170413,4週月20170410,水,--,--,--,--,--,--,--,--,--,--,--
6,中条(10),浜北環境事業所,火 金,隔水20170412,隔月20170403,4週月20170424,木,--,--,--,--,--,--,--,--,--,--,--
6,中瀬(2),浜北環境事業所,火 金,隔水20170405,隔水20170412,4週木20170406,月,--,--,--,--,--,--,--,--,--,--,--
6,新野(8),浜北環境事業所,火 金,隔木20170406,隔木20170413,4週月20170410,水,--,--,--,--,--,--,--,--,--,--,--
6,新堀(8),浜北環境事業所,火 金,隔木20170406,隔木20170413,4週月20170410,水,--,--,--,--,--,--,--,--,--,--,--
6,西美薗(8),浜北環境事業所,火 金,隔木20170406,隔木20170413,4週月20170410,水,--,--,--,--,--,--,--,--,--,--,--
6,沼(6),浜北環境事業所,火 金,隔木20170413,隔木20170406,4週水20170412,月,--,--,--,--,--,--,--,--,--,--,--
6,根堅(1),浜北環境事業所,月 木,隔水20170412,隔水20170405,4週金20170428,火,--,--,--,--,--,--,--,--,--,--,--
6,灰木(9),浜北環境事業所,月 木,隔水20170405,隔火20170411,4週火20170418,金,--,--,--,--,--,--,--,--,--,--,--
6,東美薗(8),浜北環境事業所,火 金,隔木20170406,隔木20170413,4週月20170410,水,--,--,--,--,--,--,--,--,--,--,--
6,平口(5),浜北環境事業所,月 木,隔金20170414,隔金20170407,4週火20170404,水,--,--,--,--,--,--,--,--,--,--,--
6,堀谷(9),浜北環境事業所,月 木,隔水20170405,隔火20170411,4週火20170418,金,--,--,--,--,--,--,--,--,--,--,--
6,本沢合(6),浜北環境事業所,火 金,隔木20170413,隔木20170406,4週水20170412,月,--,--,--,--,--,--,--,--,--,--,--
6,宮口(9),浜北環境事業所,月 木,隔水20170405,隔火20170411,4週火20170418,金,--,--,--,--,--,--,--,--,--,--,--
6,八幡(8),浜北環境事業所,火 金,隔木20170406,隔木20170413,4週月20170410,水,--,--,--,--,--,--,--,--,--,--,--
6,横須賀(10),浜北環境事業所,火 金,隔水20170412,隔月20170403,4週月20170424,木,--,--,--,--,--,--,--,--,--,--,--
6,四大地(9),浜北環境事業所,月 木,隔水20170405,隔火20170411,4週火20170418,金,--,--,--,--,--,--,--,--,--,--,--
6,竜南(8),浜北環境事業所,火 金,隔木20170406,隔木20170413,4週月20170410,水,--,--,--,--,--,--,--,--,--,--,--
7,青谷(21),天竜環境事業所,月 木,--,--,4週金20170428,火,隔水20170412,4週水20170405,--,--,--,--,--,--,--,--,--
7,芦窪(22),天竜環境事業所,火 金,--,--,4週木20170427,月,隔水20170405,4週水20170426,--,--,--,--,--,--,--,--,--
7,阿寺(22),天竜環境事業所,火 金,--,--,4週木20170427,月,隔水20170405,4週水20170426,--,--,--,--,--,--,--,--,--
7,石神(21),天竜環境事業所,月 木,--,--,4週金20170428,火,隔水20170412,4週水20170405,--,--,--,--,--,--,--,--,--
7,伊砂(24),天竜環境事業所,火 金,--,--,4週木20170406,月,隔水20170405,4週水20170412,--,--,--,--,--,--,--,--,--
7,大川(24),天竜環境事業所,火 金,--,--,4週木20170406,月,隔水20170405,4週水20170412,--,--,--,--,--,--,--,--,--
7,大栗安(23),天竜環境事業所,月 木,--,--,4週金20170407,火,隔水20170412,4週水20170419,--,--,--,--,--,--,--,--,--
7,大谷(28),天竜環境事業所,火 金,--,--,4週月20170410,水,隔木20170406,4週木20170413,--,--,--,--,--,--,--,--,--
7,小川(24),天竜環境事業所,火 金,--,--,4週木20170406,月,隔水20170405,4週水20170412,--,--,--,--,--,--,--,--,--
7,上野(21),天竜環境事業所,月 木,--,--,4週金20170428,火,隔水20170412,4週水20170405,--,--,--,--,--,--,--,--,--
7,神沢(23),天竜環境事業所,月 木,--,--,4週金20170407,火,隔水20170412,4週水20170419,--,--,--,--,--,--,--,--,--
7,熊(23),天竜環境事業所,月 木,--,--,4週金20170407,火,隔水20170412,4週水20170419,--,--,--,--,--,--,--,--,--
7,佐久(24),天竜環境事業所,火 金,--,--,4週木20170406,月,隔水20170405,4週水20170412,--,--,--,--,--,--,--,--,--
7,佐久間町相月(44),天竜環境事業所,火 金,--,--,--,水,隔月20170403,--,4週月20170424,4週月20170410,--,--,--,--,--,--,--
7,佐久間町和泉鮎釣(44),天竜環境事業所,火 金,--,--,--,水,隔月20170403,--,4週月20170424,4週月20170410,--,--,--,--,--,--,--
7,佐久間町出馬(42),天竜環境事業所,火 金,--,--,--,水,隔木20170406,--,4週木20170427,4週木20170413,--,--,--,--,--,--,--
7,佐久間町芋掘(44),天竜環境事業所,火 金,--,--,--,水,隔月20170403,--,4週月20170424,4週月20170410,--,--,--,--,--,--,--
7,佐久間町大滝(44),天竜環境事業所,火 金,--,--,--,水,隔月20170403,--,4週月20170424,4週月20170410,--,--,--,--,--,--,--
7,佐久間町大輪(44),天竜環境事業所,火 金,--,--,--,水,隔月20170403,--,4週月20170424,4週月20170410,--,--,--,--,--,--,--
7,佐久間町柏古瀬(42),天竜環境事業所,火 金,--,--,--,水,隔木20170406,--,4週木20170427,4週木20170413,--,--,--,--,--,--,--
7,佐久間町神妻(42),天竜環境事業所,火 金,--,--,--,水,隔木20170406,--,4週木20170427,4週木20170413,--,--,--,--,--,--,--
7,佐久間町上市場(42),天竜環境事業所,火 金,--,--,--,水,隔木20170406,--,4週木20170427,4週木20170413,--,--,--,--,--,--,--
7,佐久間町上平山(44),天竜環境事業所,火 金,--,--,--,水,隔月20170403,--,4週月20170424,4週月20170410,--,--,--,--,--,--,--
7,佐久間町川合(42),天竜環境事業所,火 金,--,--,--,水,隔木20170406,--,4週木20170427,4週木20170413,--,--,--,--,--,--,--
7,佐久間町川上(42),天竜環境事業所,火 金,--,--,--,水,隔木20170406,--,4週木20170427,4週木20170413,--,--,--,--,--,--,--
7,佐久間町河内(42),天竜環境事業所,火 金,--,--,--,水,隔木20170406,--,4週木20170427,4週木20170413,--,--,--,--,--,--,--
7,佐久間町小田敷(42),天竜環境事業所,火 金,--,--,--,水,隔木20170406,--,4週木20170427,4週木20170413,--,--,--,--,--,--,--
7,佐久間町佐久間(41),天竜環境事業所,月 木,--,--,--,水,隔金20170407,--,4週金20170428,4週金20170414,--,--,--,--,--,--,--
7,佐久間町沢上(42),天竜環境事業所,火 金,--,--,--,水,隔木20170406,--,4週木20170427,4週木20170413,--,--,--,--,--,--,--
7,佐久間町地八(48),天竜環境事業所,--,--,--,--,--,--,--,--,--,隔水20170405,4週水20170412,4週水20170426,--,--,--,--
7,佐久間町島中(42),天竜環境事業所,火 金,--,--,--,水,隔木20170406,--,4週木20170427,4週木20170413,--,--,--,--,--,--,--
7,佐久間町下平(41),天竜環境事業所,月 木,--,--,--,水,隔金20170407,--,4週金20170428,4週金20170414,--,--,--,--,--,--,--
7,佐久間町瀬戸(44),天竜環境事業所,火 金,--,--,--,水,隔月20170403,--,4週月20170424,4週月20170410,--,--,--,--,--,--,--
7,佐久間町仙戸(44),天竜環境事業所,火 金,--,--,--,水,隔月20170403,--,4週月20170424,4週月20170410,--,--,--,--,--,--,--
7,佐久間町戸口(44),天竜環境事業所,火 金,--,--,--,水,隔月20170403,--,4週月20170424,4週月20170410,--,--,--,--,--,--,--
7,佐久間町中部(41),天竜環境事業所,月 木,--,--,--,水,隔金20170407,--,4週金20170428,4週金20170414,--,--,--,--,--,--,--
7,佐久間町西渡(44),天竜環境事業所,火 金,--,--,--,水,隔月20170403,--,4週月20170424,4週月20170410,--,--,--,--,--,--,--
7,佐久間町野田(44),天竜環境事業所,火 金,--,--,--,水,隔月20170403,--,4週月20170424,4週月20170410,--,--,--,--,--,--,--
7,佐久間町羽ケ庄(41),天竜環境事業所,月 木,--,--,--,水,隔金20170407,--,4週金20170428,4週金20170414,--,--,--,--,--,--,--
7,佐久間町早瀬(42),天竜環境事業所,火 金,--,--,--,水,隔木20170406,--,4週木20170427,4週木20170413,--,--,--,--,--,--,--
7,佐久間町半場(41),天竜環境事業所,月 木,--,--,--,水,隔金20170407,--,4週金20170428,4週金20170414,--,--,--,--,--,--,--
7,佐久間町福沢(44),天竜環境事業所,火 金,--,--,--,水,隔月20170403,--,4週月20170424,4週月20170410,--,--,--,--,--,--,--
7,佐久間町舟戸(44),天竜環境事業所,火 金,--,--,--,水,隔月20170403,--,4週月20170424,4週月20170410,--,--,--,--,--,--,--
7,佐久間町間庄(44),天竜環境事業所,火 金,--,--,--,水,隔月20170403,--,4週月20170424,4週月20170410,--,--,--,--,--,--,--
7,佐久間町町(42),天竜環境事業所,火 金,--,--,--,水,隔木20170406,--,4週木20170427,4週木20170413,--,--,--,--,--,--,--
7,佐久間町松島(44),天竜環境事業所,火 金,--,--,--,水,隔月20170403,--,4週月20170424,4週月20170410,--,--,--,--,--,--,--
7,佐久間町峯(41),天竜環境事業所,月 木,--,--,--,水,隔金20170407,--,4週金20170428,4週金20170414,--,--,--,--,--,--,--
7,佐久間町横吹(44),天竜環境事業所,火 金,--,--,--,水,隔月20170403,--,4週月20170424,4週月20170410,--,--,--,--,--,--,--
7,佐久間町吉沢(48),天竜環境事業所,--,--,--,--,--,--,--,--,--,隔水20170405,4週水20170412,4週水20170426,--,--,--,--
7,佐久間町和山間(48),天竜環境事業所,--,--,--,--,--,--,--,--,--,隔水20170405,4週水20170412,4週水20170426,--,--,--,--
7,次郎八新田(26),天竜環境事業所,火 金,--,--,4週水20170412,月,隔木20170413,4週木20170420,--,--,--,--,--,--,--,--,--
7,相津(24),天竜環境事業所,火 金,--,--,4週木20170406,月,隔水20170405,4週水20170412,--,--,--,--,--,--,--,--,--
7,只来(28),天竜環境事業所,火 金,--,--,4週月20170410,水,隔木20170406,4週木20170413,--,--,--,--,--,--,--,--,--
7,龍山町大嶺(29),天竜環境事業所,月 木,--,--,4週水20170419,金,隔水20170412,4週水20170405,--,--,--,--,--,--,--,--,--
7,龍山町下平山(29),天竜環境事業所,月 木,--,--,4週水20170419,金,隔水20170412,4週水20170405,--,--,--,--,--,--,--,--,--
7,龍山町瀬尻(29),天竜環境事業所,月 木,--,--,4週水20170419,金,隔水20170412,4週水20170405,--,--,--,--,--,--,--,--,--
7,龍山町戸倉(29),天竜環境事業所,月 木,--,--,4週水20170419,金,隔水20170412,4週水20170405,--,--,--,--,--,--,--,--,--
7,月(24),天竜環境事業所,火 金,--,--,4週木20170406,月,隔水20170405,4週水20170412,--,--,--,--,--,--,--,--,--
7,長沢(22),天竜環境事業所,火 金,--,--,4週木20170427,月,隔水20170405,4週水20170426,--,--,--,--,--,--,--,--,--
7,西雲名(24),天竜環境事業所,火 金,--,--,4週木20170406,月,隔水20170405,4週水20170412,--,--,--,--,--,--,--,--,--
7,西藤平(22),天竜環境事業所,火 金,--,--,4週木20170427,月,隔水20170405,4週水20170426,--,--,--,--,--,--,--,--,--
7,春野町筏戸大上(31),天竜環境事業所,月 木,--,--,4週水20170412,金,隔水20170405,4週水20170426,--,--,--,--,--,--,--,--,--
7,春野町砂川(32),天竜環境事業所,火 金,--,--,4週月20170417,木,隔水20170405,4週月20170403,--,--,--,--,--,--,--,--,--
7,春野町石打松下(31),天竜環境事業所,月 木,--,--,4週水20170412,金,隔水20170405,4週水20170426,--,--,--,--,--,--,--,--,--
7,春野町石切(30),天竜環境事業所,火 金,--,--,4週月20170410,木,隔水20170412,4週月20170424,--,--,--,--,--,--,--,--,--
7,春野町和泉平(32),天竜環境事業所,火 金,--,--,4週月20170417,木,隔水20170405,4週月20170403,--,--,--,--,--,--,--,--,--
7,春野町大時(32),天竜環境事業所,火 金,--,--,4週月20170417,木,隔水20170405,4週月20170403,--,--,--,--,--,--,--,--,--
7,春野町小俣京丸(31),天竜環境事業所,月 木,--,--,4週水20170412,金,隔水20170405,4週水20170426,--,--,--,--,--,--,--,--,--
7,春野町川上(31),天竜環境事業所,月 木,--,--,4週水20170412,金,隔水20170405,4週水20170426,--,--,--,--,--,--,--,--,--
7,春野町胡桃平(32),天竜環境事業所,火 金,--,--,4週月20170417,木,隔水20170405,4週月20170403,--,--,--,--,--,--,--,--,--
7,春野町気田(30),天竜環境事業所,火 金,--,--,4週月20170410,木,隔水20170412,4週月20170424,--,--,--,--,--,--,--,--,--
7,春野町越木平(31),天竜環境事業所,月 木,--,--,4週水20170412,金,隔水20170405,4週水20170426,--,--,--,--,--,--,--,--,--
7,春野町五和(31),天竜環境事業所,月 木,--,--,4週水20170412,金,隔水20170405,4週水20170426,--,--,--,--,--,--,--,--,--
7,春野町杉(31),天竜環境事業所,月 木,--,--,4週水20170412,金,隔水20170405,4週水20170426,--,--,--,--,--,--,--,--,--
7,春野町田黒(31),天竜環境事業所,月 木,--,--,4週水20170412,金,隔水20170405,4週水20170426,--,--,--,--,--,--,--,--,--
7,春野町田河内(31),天竜環境事業所,月 木,--,--,4週水20170412,金,隔水20170405,4週水20170426,--,--,--,--,--,--,--,--,--
7,春野町長蔵寺(31),天竜環境事業所,月 木,--,--,4週水20170412,金,隔水20170405,4週水20170426,--,--,--,--,--,--,--,--,--
7,春野町豊岡(30),天竜環境事業所,火 金,--,--,4週月20170410,木,隔水20170412,4週月20170424,--,--,--,--,--,--,--,--,--
7,春野町花島(31),天竜環境事業所,月 木,--,--,4週水20170412,金,隔水20170405,4週水20170426,--,--,--,--,--,--,--,--,--
7,春野町堀之内(32),天竜環境事業所,火 金,--,--,4週月20170417,木,隔水20170405,4週月20170403,--,--,--,--,--,--,--,--,--
7,春野町牧野(31),天竜環境事業所,月 木,--,--,4週水20170412,金,隔水20170405,4週水20170426,--,--,--,--,--,--,--,--,--
7,春野町宮川(30),天竜環境事業所,火 金,--,--,4週月20170410,木,隔水20170412,4週月20170424,--,--,--,--,--,--,--,--,--
7,春野町領家(32),天竜環境事業所,火 金,--,--,4週月20170417,木,隔水20170405,4週月20170403,--,--,--,--,--,--,--,--,--
7,日明(21),天竜環境事業所,月 木,--,--,4週金20170428,火,隔水20170412,4週水20170405,--,--,--,--,--,--,--,--,--
7,東雲名(24),天竜環境事業所,火 金,--,--,4週木20170406,月,隔水20170405,4週水20170412,--,--,--,--,--,--,--,--,--
7,東藤平(22),天竜環境事業所,火 金,--,--,4週木20170427,月,隔水20170405,4週水20170426,--,--,--,--,--,--,--,--,--
7,二俣町阿蔵(27),天竜環境事業所,月 木,--,--,4週水20170419,火,隔金20170407,4週金20170414,--,--,--,--,--,--,--,--,--
7,二俣町大園(25),天竜環境事業所,月 木,--,--,4週火20170404,水,隔金20170414,4週金20170421,--,--,--,--,--,--,--,--,--
7,二俣町鹿島(27),天竜環境事業所,月 木,--,--,4週水20170419,火,隔金20170407,4週金20170414,--,--,--,--,--,--,--,--,--
7,二俣町二俣(25),天竜環境事業所,月 木,--,--,4週火20170404,水,隔金20170414,4週金20170421,--,--,--,--,--,--,--,--,--
7,二俣町南鹿島(27),天竜環境事業所,月 木,--,--,4週水20170419,火,隔金20170407,4週金20170414,--,--,--,--,--,--,--,--,--
7,懐山(22),天竜環境事業所,火 金,--,--,4週木20170427,月,隔水20170405,4週水20170426,--,--,--,--,--,--,--,--,--
7,船明(28),天竜環境事業所,火 金,--,--,4週月20170410,水,隔木20170406,4週木20170413,--,--,--,--,--,--,--,--,--
7,水窪町上村(44),水窪・佐久間クリーンセンター,火 金,--,--,--,水,隔月20170403,--,4週月20170424,4週月20170410,--,--,--,--,--,--,--
7,水窪町大嵐(48),水窪・佐久間クリーンセンター,--,--,--,--,--,--,--,--,--,隔水20170405,4週水20170412,4週水20170426,--,--,--,--
7,水窪町大野(48),水窪・佐久間クリーンセンター,--,--,--,--,--,--,--,--,--,隔水20170405,4週水20170412,4週水20170426,--,--,--,--
7,水窪町小畑(45),水窪・佐久間クリーンセンター,月 木,--,--,--,水,隔火20170404,--,4週火20170425,4週火20170411,--,--,--,--,--,--,--
7,水窪町門桁(48),水窪・佐久間クリーンセンター,--,--,--,--,--,--,--,--,--,隔水20170405,4週水20170412,4週水20170426,--,--,--,--
7,水窪町門谷(46),水窪・佐久間クリーンセンター,--,--,--,--,--,--,--,--,--,--,--,--,隔水20170407,--,--,--
7,水窪町神原(45),水窪・佐久間クリーンセンター,月 木,--,--,--,水,隔火20170404,--,4週火20170425,4週火20170411,--,--,--,--,--,--,--
7,水窪町草木(48),水窪・佐久間クリーンセンター,--,--,--,--,--,--,--,--,--,隔水20170405,4週水20170412,4週水20170426,--,--,--,--
7,水窪町河内浦(48),水窪・佐久間クリーンセンター,--,--,--,--,--,--,--,--,--,隔水20170405,4週水20170412,4週水20170426,--,--,--,--
7,水窪町塩沢(46),水窪・佐久間クリーンセンター,--,--,--,--,--,--,--,--,--,--,--,--,隔水20170407,--,--,--
7,水窪町地双(48),水窪・佐久間クリーンセンター,--,--,--,--,--,--,--,--,--,隔水20170405,4週水20170412,4週水20170426,--,--,--,--
7,水窪町長尾(45),水窪・佐久間クリーンセンター,月 木,--,--,--,水,隔火20170404,--,4週火20170425,4週火20170411,--,--,--,--,--,--,--
7,水窪町夏焼(46),水窪・佐久間クリーンセンター,--,--,--,--,--,--,--,--,--,--,--,--,隔水20170407,--,--,--
7,水窪町西浦(47),水窪・佐久間クリーンセンター,月 木,--,--,--,--,--,--,--,--,--,--,--,--,隔水20170405,4週水20170412,4週水20170426
7,水窪町水窪(45),水窪・佐久間クリーンセンター,月 木,--,--,--,水,隔火20170404,--,4週火20170425,4週火20170411,--,--,--,--,--,--,--
7,水窪町向市場(44),天竜環境事業所,火 金,--,--,--,水,隔月20170403,--,4週月20170424,4週月20170410,--,--,--,--,--,--,--
7,水窪町向島(44),天竜環境事業所,火 金,--,--,--,水,隔月20170403,--,4週月20170424,4週月20170410,--,--,--,--,--,--,--
7,水窪町竜戸(44),天竜環境事業所,火 金,--,--,--,水,隔月20170403,--,4週月20170424,4週月20170410,--,--,--,--,--,--,--
7,米沢(21),天竜環境事業所,月 木,--,--,4週金20170428,火,隔水20170412,4週水20170405,--,--,--,--,--,--,--,--,--
7,山東(26),天竜環境事業所,火 金,--,--,4週水20170412,月,隔木20170413,4週木20170420,--,--,--,--,--,--,--,--,--
7,谷山(24),天竜環境事業所,火 金,--,--,4週木20170406,月,隔水20170405,4週水20170412,--,--,--,--,--,--,--,--,--
7,横川(28),天竜環境事業所,火 金,--,--,4週月20170410,水,隔木20170406,4週木20170413,--,--,--,--,--,--,--,--,--
7,横山町(24),天竜環境事業所,火 金,--,--,4週木20170406,月,隔水20170405,4週水20170412,--,--,--,--,--,--,--,--,--
7,両島(21),天竜環境事業所,月 木,--,--,4週金20170428,火,隔水20170412,4週水20170405,--,--,--,--,--,--,--,--,--
7,緑恵台(21),天竜環境事業所,月 木,--,--,4週金20170428,火,隔水20170412,4週水20170405,--,--,--,--,--,--,--,--,--
7,渡ヶ島(21),天竜環境事業所,月 木,--,--,4週金20170428,火,隔水20170412,4週水20170405,--,--,--,--,--,--,--,--,--
